<?xml version="1.0" encoding="UTF-8"?><rss version="2.0"
	xmlns:content="http://purl.org/rss/1.0/modules/content/"
	xmlns:dc="http://purl.org/dc/elements/1.1/"
	xmlns:atom="http://www.w3.org/2005/Atom"
	xmlns:sy="http://purl.org/rss/1.0/modules/syndication/"
	
	>
<channel>
	<title>
	Comments on: Nulla nibh neque, suscipit sit amet dictum nec	</title>
	<atom:link href="https://madgeusa.netlify.app/2018/06/29/nulla-nibh-neque-suscipit-sit-amet-dictum-nec/feed/" rel="self" type="application/rss+xml" />
	<link>https://madgeusa.netlify.app/2018/06/29/nulla-nibh-neque-suscipit-sit-amet-dictum-nec/</link>
	<description>Mill Alignment &#38; Mechanical Service</description>
	<lastBuildDate>Fri, 29 Jun 2018 14:06:52 +0000</lastBuildDate>
	<sy:updatePeriod>
	hourly	</sy:updatePeriod>
	<sy:updateFrequency>
	1	</sy:updateFrequency>
	<generator>https://wordpress.org/?v=5.7.1</generator>
</channel>
</rss>
