<?xml version="1.0" encoding="UTF-8"?><rss version="2.0"
	xmlns:content="http://purl.org/rss/1.0/modules/content/"
	xmlns:dc="http://purl.org/dc/elements/1.1/"
	xmlns:atom="http://www.w3.org/2005/Atom"
	xmlns:sy="http://purl.org/rss/1.0/modules/syndication/"
	
	>
<channel>
	<title>
	Comments on: Morbi tincidunt urna sed tellus venenatis sollicitudin	</title>
	<atom:link href="http://madgeusa.com/2018/06/29/morbi-tincidunt-urna-sed-tellus-venenatis-sollicitudin/feed/" rel="self" type="application/rss+xml" />
	<link>http://madgeusa.com/2018/06/29/morbi-tincidunt-urna-sed-tellus-venenatis-sollicitudin/</link>
	<description>Mill Alignment &#38; Mechanical Service</description>
	<lastBuildDate>Fri, 29 Jun 2018 14:06:51 +0000</lastBuildDate>
	<sy:updatePeriod>
	hourly	</sy:updatePeriod>
	<sy:updateFrequency>
	1	</sy:updateFrequency>
	<generator>https://wordpress.org/?v=5.7.1</generator>
</channel>
</rss>
