<?xml version="1.0" encoding="UTF-8"?><rss version="2.0"
	xmlns:content="http://purl.org/rss/1.0/modules/content/"
	xmlns:wfw="http://wellformedweb.org/CommentAPI/"
	xmlns:dc="http://purl.org/dc/elements/1.1/"
	xmlns:atom="http://www.w3.org/2005/Atom"
	xmlns:sy="http://purl.org/rss/1.0/modules/syndication/"
	xmlns:slash="http://purl.org/rss/1.0/modules/slash/"
	>

<channel>
	<title>madgeusa &#8211; Madge USA</title>
	<atom:link href="http://madgeusa.com/author/madgeusa/feed/" rel="self" type="application/rss+xml" />
	<link>http://madgeusa.com/</link>
	<description>Mill Alignment &#38; Mechanical Service</description>
	<lastBuildDate>Thu, 29 Apr 2021 09:53:40 +0000</lastBuildDate>
	<language>en-US</language>
	<sy:updatePeriod>
	hourly	</sy:updatePeriod>
	<sy:updateFrequency>
	1	</sy:updateFrequency>
	<generator>https://wordpress.org/?v=5.7.1</generator>

<image>
	<url>http://madgeusa.com/wp-content/uploads/2021/04/MadgePH_favicon.png</url>
	<title>madgeusa &#8211; Madge USA</title>
	<link>http://madgeusa.com/</link>
	<width>32</width>
	<height>32</height>
</image> 
	<item>
		<title>Hello world!</title>
		<link>http://madgeusa.com/2021/04/29/hello-world/</link>
					<comments>http://madgeusa.com/2021/04/29/hello-world/#comments</comments>
		
		<dc:creator><![CDATA[madgeusa]]></dc:creator>
		<pubDate>Thu, 29 Apr 2021 09:53:40 +0000</pubDate>
				<category><![CDATA[Uncategorized]]></category>
		<guid isPermaLink="false">http://madgeusa.com/?p=1</guid>

					<description><![CDATA[Welcome to WordPress. This is your first post. Edit or delete it, then start writing!]]></description>
										<content:encoded><![CDATA[
<p>Welcome to WordPress. This is your first post. Edit or delete it, then start writing!</p>
]]></content:encoded>
					
					<wfw:commentRss>http://madgeusa.com/2021/04/29/hello-world/feed/</wfw:commentRss>
			<slash:comments>1</slash:comments>
		
		
			</item>
		<item>
		<title>Nulla nibh neque, suscipit sit amet dictum nec</title>
		<link>http://madgeusa.com/2018/06/29/nulla-nibh-neque-suscipit-sit-amet-dictum-nec/</link>
					<comments>http://madgeusa.com/2018/06/29/nulla-nibh-neque-suscipit-sit-amet-dictum-nec/#respond</comments>
		
		<dc:creator><![CDATA[madgeusa]]></dc:creator>
		<pubDate>Fri, 29 Jun 2018 14:06:52 +0000</pubDate>
				<category><![CDATA[Uncategorized]]></category>
		<guid isPermaLink="false">http://demo.athemes.com/atu-health-coach/?p=286</guid>

					<description><![CDATA[Lorem ipsum dolor sit amet, consectetur adipiscing elit. Sed a erat eleifend, vulputate nulla imperdiet, hendrerit felis. Nunc eu augue [&#8230;]]]></description>
										<content:encoded><![CDATA[<p>Lorem ipsum dolor sit amet, consectetur adipiscing elit. Sed a erat eleifend, vulputate nulla imperdiet, hendrerit felis. Nunc eu augue dignissim, tristique massa in, consectetur magna. Aenean diam velit, ultricies a blandit eget, accumsan sit amet lorem. In hac habitasse platea dictumst. Sed viverra risus et nulla finibus commodo. Suspendisse aliquam elit ut leo rutrum egestas. Maecenas quis finibus augue, ac commodo mauris.</p>
<p>Maecenas tempus lacus quis ante tempor auctor. Nulla nibh neque, suscipit sit amet dictum nec, tincidunt a dui. Etiam auctor porta porta. Vestibulum sed lacus convallis, blandit urna vel, lacinia elit. Aenean blandit orci eros, eget porttitor urna tristique a. Quisque quis leo ipsum. Nulla luctus mauris ligula, ut placerat urna venenatis in. Quisque at nisl maximus, fringilla magna sed, venenatis arcu. Praesent a ullamcorper leo. Donec in pharetra eros, id ultricies lorem. Morbi tincidunt urna sed tellus venenatis sollicitudin. Nulla dictum tristique sem, nec fermentum arcu porttitor sit amet. Donec facilisis finibus mollis.</p>
<p>Donec pellentesque lorem semper libero auctor pretium. Phasellus non lectus fringilla, ultrices lectus ac, volutpat nulla. In finibus suscipit risus, hendrerit posuere orci suscipit quis. Proin dictum lacus hendrerit erat vulputate, vitae fermentum quam rhoncus. Curabitur vel egestas erat, in volutpat nibh. Sed non mi quis odio congue iaculis. Mauris dictum tincidunt metus, quis pretium ipsum ultrices sed. Vivamus interdum a diam ac egestas. Aenean sapien felis, posuere at aliquet sed, tempor non nunc. Phasellus varius bibendum magna eget laoreet. Morbi ac ultricies nisi.</p>
]]></content:encoded>
					
					<wfw:commentRss>http://madgeusa.com/2018/06/29/nulla-nibh-neque-suscipit-sit-amet-dictum-nec/feed/</wfw:commentRss>
			<slash:comments>0</slash:comments>
		
		
			</item>
		<item>
		<title>Morbi tincidunt urna sed tellus venenatis sollicitudin</title>
		<link>http://madgeusa.com/2018/06/29/morbi-tincidunt-urna-sed-tellus-venenatis-sollicitudin/</link>
					<comments>http://madgeusa.com/2018/06/29/morbi-tincidunt-urna-sed-tellus-venenatis-sollicitudin/#respond</comments>
		
		<dc:creator><![CDATA[madgeusa]]></dc:creator>
		<pubDate>Fri, 29 Jun 2018 14:06:51 +0000</pubDate>
				<category><![CDATA[Uncategorized]]></category>
		<guid isPermaLink="false">http://demo.athemes.com/atu-health-coach/?p=287</guid>

					<description><![CDATA[Lorem ipsum dolor sit amet, consectetur adipiscing elit. Sed a erat eleifend, vulputate nulla imperdiet, hendrerit felis. Nunc eu augue [&#8230;]]]></description>
										<content:encoded><![CDATA[<p>Lorem ipsum dolor sit amet, consectetur adipiscing elit. Sed a erat eleifend, vulputate nulla imperdiet, hendrerit felis. Nunc eu augue dignissim, tristique massa in, consectetur magna. Aenean diam velit, ultricies a blandit eget, accumsan sit amet lorem. In hac habitasse platea dictumst. Sed viverra risus et nulla finibus commodo. Suspendisse aliquam elit ut leo rutrum egestas. Maecenas quis finibus augue, ac commodo mauris.</p>
<p>Maecenas tempus lacus quis ante tempor auctor. Nulla nibh neque, suscipit sit amet dictum nec, tincidunt a dui. Etiam auctor porta porta. Vestibulum sed lacus convallis, blandit urna vel, lacinia elit. Aenean blandit orci eros, eget porttitor urna tristique a. Quisque quis leo ipsum. Nulla luctus mauris ligula, ut placerat urna venenatis in. Quisque at nisl maximus, fringilla magna sed, venenatis arcu. Praesent a ullamcorper leo. Donec in pharetra eros, id ultricies lorem. Morbi tincidunt urna sed tellus venenatis sollicitudin. Nulla dictum tristique sem, nec fermentum arcu porttitor sit amet. Donec facilisis finibus mollis.</p>
<p>Donec pellentesque lorem semper libero auctor pretium. Phasellus non lectus fringilla, ultrices lectus ac, volutpat nulla. In finibus suscipit risus, hendrerit posuere orci suscipit quis. Proin dictum lacus hendrerit erat vulputate, vitae fermentum quam rhoncus. Curabitur vel egestas erat, in volutpat nibh. Sed non mi quis odio congue iaculis. Mauris dictum tincidunt metus, quis pretium ipsum ultrices sed. Vivamus interdum a diam ac egestas. Aenean sapien felis, posuere at aliquet sed, tempor non nunc. Phasellus varius bibendum magna eget laoreet. Morbi ac ultricies nisi.</p>
]]></content:encoded>
					
					<wfw:commentRss>http://madgeusa.com/2018/06/29/morbi-tincidunt-urna-sed-tellus-venenatis-sollicitudin/feed/</wfw:commentRss>
			<slash:comments>0</slash:comments>
		
		
			</item>
		<item>
		<title>Quisque at nisl maximus, fringilla magna sed</title>
		<link>http://madgeusa.com/2018/06/29/quisque-at-nisl-maximus-fringilla-magna-sed/</link>
					<comments>http://madgeusa.com/2018/06/29/quisque-at-nisl-maximus-fringilla-magna-sed/#respond</comments>
		
		<dc:creator><![CDATA[madgeusa]]></dc:creator>
		<pubDate>Fri, 29 Jun 2018 14:06:28 +0000</pubDate>
				<category><![CDATA[Uncategorized]]></category>
		<guid isPermaLink="false">http://demo.athemes.com/atu-health-coach/?p=284</guid>

					<description><![CDATA[Lorem ipsum dolor sit amet, consectetur adipiscing elit. Sed a erat eleifend, vulputate nulla imperdiet, hendrerit felis. Nunc eu augue [&#8230;]]]></description>
										<content:encoded><![CDATA[<p>Lorem ipsum dolor sit amet, consectetur adipiscing elit. Sed a erat eleifend, vulputate nulla imperdiet, hendrerit felis. Nunc eu augue dignissim, tristique massa in, consectetur magna. Aenean diam velit, ultricies a blandit eget, accumsan sit amet lorem. In hac habitasse platea dictumst. Sed viverra risus et nulla finibus commodo. Suspendisse aliquam elit ut leo rutrum egestas. Maecenas quis finibus augue, ac commodo mauris.</p>
<p>Maecenas tempus lacus quis ante tempor auctor. Nulla nibh neque, suscipit sit amet dictum nec, tincidunt a dui. Etiam auctor porta porta. Vestibulum sed lacus convallis, blandit urna vel, lacinia elit. Aenean blandit orci eros, eget porttitor urna tristique a. Quisque quis leo ipsum. Nulla luctus mauris ligula, ut placerat urna venenatis in. Quisque at nisl maximus, fringilla magna sed, venenatis arcu. Praesent a ullamcorper leo. Donec in pharetra eros, id ultricies lorem. Morbi tincidunt urna sed tellus venenatis sollicitudin. Nulla dictum tristique sem, nec fermentum arcu porttitor sit amet. Donec facilisis finibus mollis.</p>
<p>Donec pellentesque lorem semper libero auctor pretium. Phasellus non lectus fringilla, ultrices lectus ac, volutpat nulla. In finibus suscipit risus, hendrerit posuere orci suscipit quis. Proin dictum lacus hendrerit erat vulputate, vitae fermentum quam rhoncus. Curabitur vel egestas erat, in volutpat nibh. Sed non mi quis odio congue iaculis. Mauris dictum tincidunt metus, quis pretium ipsum ultrices sed. Vivamus interdum a diam ac egestas. Aenean sapien felis, posuere at aliquet sed, tempor non nunc. Phasellus varius bibendum magna eget laoreet. Morbi ac ultricies nisi.</p>
]]></content:encoded>
					
					<wfw:commentRss>http://madgeusa.com/2018/06/29/quisque-at-nisl-maximus-fringilla-magna-sed/feed/</wfw:commentRss>
			<slash:comments>0</slash:comments>
		
		
			</item>
	</channel>
</rss>
